refrigerator,compartment,method,samples,mae,rmse,r2,bias,p95_absolute_error,within_0_5c,within_1c
099_2DT,T_MS,persistence,1465,0.6374061433447099,0.7280063008391023,0.09771251359200472,-0.0016382252559726973,1.3000000000000003,0.4286689419795222,0.8348122866894198
099_2DT,T_MS,shared,1465,0.5497436501914694,0.624375872375923,0.3363075415217308,-0.08047132017633916,1.0878382634699333,0.47303754266211606,0.9119453924914676
099_2DT,T_MS,separate,1465,0.5655733977515727,0.6370073045914826,0.3091822578642387,-0.09417143344963873,1.097648858242017,0.43071672354948803,0.9187713310580204
099_2DT,T_FC,persistence,1465,4.000819112627986,4.797586139352281,-0.22711126865013598,0.016655290102389086,9.3,0.05255972696245734,0.12218430034129693
099_2DT,T_FC,shared,1465,3.322619257743586,4.1798234836688,0.0685613277617898,-0.7032112321650004,8.68585178606041,0.06143344709897611,0.18156996587030716
099_2DT,T_FC,separate,1465,3.2325590744676385,3.95986934007603,0.16401190203253257,-1.0588947004314568,7.69283660443921,0.06143344709897611,0.16245733788395905
100_1D,T_MS,persistence,1465,0.29221843003412973,0.36117933488143045,0.9479672894370346,-0.0007508532423208194,0.5,0.9522184300341296,0.9877133105802047
100_1D,T_MS,shared,1465,0.38688864641253995,0.4969876285860308,0.9014805862862537,-0.13892435303344638,0.8228623983202734,0.6880546075085324,0.9781569965870307
100_1D,T_MS,separate,1465,1.1835916259246064,1.587340102382535,-0.005010592920756007,1.1557632979890322,3.4140648096464696,0.310580204778157,0.6102389078498294
100_1D,T_FC,persistence,1465,0.730716723549488,0.8408065362491645,0.8406637535896881,0.0006143344709897625,1.4,0.32832764505119455,0.8477815699658703
100_1D,T_FC,shared,1465,0.4303904646160148,0.5462513185462392,0.9327476568500497,0.10895145772940594,1.0540010633901693,0.6655290102389079,0.9440273037542662
100_1D,T_FC,separate,1465,0.4318466299623796,0.5450314346400745,0.9330476962007952,0.10893439981749571,1.0489636655620709,0.673037542662116,0.9440273037542662
101_1D,T_MS,persistence,1465,0.06395904436860061,0.08801954483543714,0.8205268438801845,-0.0003412969283276475,0.10000000000000142,1.0,1.0
101_1D,T_MS,shared,1465,0.12005070590453615,0.14667799889817482,0.5016078239710254,-0.019390958325779792,0.2662068986539028,0.9993174061433447,1.0
101_1D,T_MS,separate,1465,0.11355880743607043,0.1395793681994987,0.5486808935077586,-0.01637013475517452,0.259700431054689,0.9986348122866894,1.0
101_1D,T_FC,persistence,1465,0.6988395904436859,0.8017216968380533,-0.3593306229149662,0.00013651877133105542,1.4000000000000001,0.35017064846416385,0.8197952218430035
101_1D,T_FC,shared,1465,1.8307887969587526,2.1877750806755425,-9.122392410228281,-0.1878516545539396,4.097556444578352,0.19044368600682593,0.29488054607508535
101_1D,T_FC,separate,1465,1.9684986003581972,2.3204272348394324,-10.387115744771597,-0.32492843435040797,4.062183251214996,0.17542662116040955,0.26075085324232083
102_2DT,T_MS,persistence,1465,0.22273037542662116,0.30788278430876925,0.8763786068654544,-0.0029351535836177473,0.6000000000000005,0.9303754266211605,0.9918088737201365
102_2DT,T_MS,shared,1465,0.21707321209653355,0.29337217998405807,0.8877566348551874,-0.03861938689048931,0.5878149133010943,0.9242320819112628,0.9924914675767919
102_2DT,T_MS,separate,1465,0.2151827464274856,0.2938109647381064,0.887420628158971,-0.027953563633410453,0.5834359642987343,0.9180887372013652,0.9924914675767919
102_2DT,T_FC,persistence,1465,0.8227986348122865,0.9556085565285506,0.015232696866555706,0.0008191126279863476,1.5,0.32764505119453924,0.6566552901023891
102_2DT,T_FC,shared,1465,0.9082006356591695,1.0401878374507025,-0.16680183574271745,0.3735966875837508,1.7225797805793868,0.2552901023890785,0.5392491467576792
102_2DT,T_FC,separate,1465,0.9157907505611949,1.0487156837566518,-0.18601201013710544,0.3707565027774831,1.747298472653089,0.24982935153583619,0.5542662116040956
103_1D,T_MS,persistence,1465,0.625938566552901,0.8293177425382489,0.7900900313375061,0.0005460750853242313,1.8999999999999995,0.5583617747440273,0.8197952218430035
103_1D,T_MS,shared,1465,0.6783439589147536,0.9035819651592769,0.7508124969144189,-0.1526605458223521,2.041249509667294,0.5119453924914675,0.7706484641638225
103_1D,T_MS,separate,1465,0.6195760479910636,0.841044049897313,0.7841119341541292,-0.06640708689879167,1.9237495406422391,0.5542662116040956,0.7979522184300342
103_1D,T_FC,persistence,1465,2.4522866894197954,2.8181348369168515,-1.090380626079099,0.003412969283276459,5.5,0.05255972696245734,0.11262798634812286
103_1D,T_FC,shared,1465,2.871537244346607,3.3242163089162675,-1.908575798638394,-0.7202803359389268,5.833949097675315,0.042320819112627986,0.08327645051194539
103_1D,T_FC,separate,1465,3.242430973820676,3.7677374101944223,-2.7364836748532535,-1.4297059463181474,7.301157001672706,0.024573378839590442,0.07030716723549488
104_2DT,T_MS,persistence,1465,0.6804778156996587,0.7805966039001693,0.289770790054222,0.0014334470989761131,1.4,0.4116040955631399,0.8054607508532423
104_2DT,T_MS,shared,1465,0.618474944937461,0.7607198243593251,0.3254802303400146,-0.0474327249074449,1.3856680072814036,0.5078498293515359,0.752901023890785
104_2DT,T_MS,separate,1465,0.6256704274083869,0.7628200882401996,0.32175053880790705,-0.016965835753354412,1.358499621006458,0.4969283276450512,0.7556313993174062
104_2DT,T_FC,persistence,1465,1.9445733788395905,2.2375937831891095,0.10017638118029981,0.0004095563139931775,3.600000000000001,0.11399317406143344,0.23139931740614333
104_2DT,T_FC,shared,1465,1.7892894306425464,2.1371683532006953,0.17913381764535363,0.310466228037807,3.5490967269365443,0.1167235494880546,0.28464163822525596
104_2DT,T_FC,separate,1465,1.7820641011090939,2.1313316750884677,0.1836113210691508,0.2962463290667981,3.5294539592993446,0.12354948805460751,0.30102389078498293
105_2DT,T_MS,persistence,1465,0.5352901023890785,0.609839681277029,0.5138160108522514,0.00204778156996587,1.1,0.6020477815699659,0.9344709897610921
105_2DT,T_MS,shared,1465,0.42549011118458663,0.5157161598925412,0.6523111420570076,-0.02456338928856441,1.0504615542447564,0.7290102389078499,0.936518771331058
105_2DT,T_MS,separate,1465,0.43174473207764996,0.5133282816109422,0.6555234384479415,-0.03517866711789137,0.9991830697150894,0.7119453924914676,0.9501706484641638
105_2DT,T_FC,persistence,1465,2.18382252559727,2.9642523186924756,0.24394461163027703,0.0008873720136518679,6.5,0.1296928327645051,0.32081911262798635
105_2DT,T_FC,shared,1465,1.6781302819776704,2.570102507057617,0.4316391344617666,0.3385905201152916,6.305192110797963,0.25597269624573377,0.6061433447098976
105_2DT,T_FC,separate,1465,1.6962977513545061,2.598796199849789,0.4188774576426939,0.31745150177823206,6.449545010113044,0.2627986348122867,0.5986348122866895
106_2DT,T_MS,persistence,1465,0.36648464163822525,0.6150168565075236,0.8041211596675297,-0.004163822525597267,1.3999999999999995,0.8341296928327645,0.9208191126279863
106_2DT,T_MS,shared,1465,0.3449455048293511,0.6242173488500354,0.798216730100128,-0.08247645938618554,1.3639909216962613,0.8129692832764505,0.9146757679180887
106_2DT,T_MS,separate,1465,0.3457641571214218,0.6275958947044772,0.7960265347865451,-0.07289525305100762,1.378865567532635,0.8143344709897611,0.910580204778157
106_2DT,T_FC,persistence,1465,0.935358361774744,1.5318350992620118,0.778021906240601,0.0022525597269624597,3.7,0.5815699658703072,0.736518771331058
106_2DT,T_FC,shared,1465,0.8134911322138454,1.5751584188116767,0.7652883955265605,-0.2132647647016357,3.5741126501030314,0.6907849829351536,0.7959044368600683
106_2DT,T_FC,separate,1465,0.8300783037467389,1.6203107747766563,0.7516393860364574,-0.25261340643200975,3.6344546852784143,0.6798634812286689,0.78839590443686
107_2DT,T_MS,persistence,1465,0.25290102389078495,0.3075944317945137,0.8914179106193503,0.0008873720136518767,0.5999999999999996,0.9460750853242321,0.9972696245733789
107_2DT,T_MS,shared,1465,0.3308872678563415,0.39902676563988027,0.8172719114002626,-0.04749701985578019,0.7330708371704395,0.7877133105802048,0.9945392491467577
107_2DT,T_MS,separate,1465,0.3215349919955785,0.39782922285132627,0.8183670576897453,-0.04848517376718423,0.7752827116095588,0.81160409556314,0.9897610921501706
107_2DT,T_FC,persistence,1465,0.9222525597269624,1.290614584926863,0.6069588152089501,6.825938566553058e-05,1.9999999999999996,0.3051194539249147,0.7064846416382252
107_2DT,T_FC,shared,1465,1.3414293230632888,1.5699949001203737,0.418377222106336,0.11161476603240574,2.366660655738488,0.16791808873720138,0.3378839590443686
107_2DT,T_FC,separate,1465,1.3267656708120836,1.5589024463650838,0.42656684425319424,0.08337672093424754,2.352333385547957,0.16791808873720138,0.34948805460750854
108_2DT,T_MS,persistence,1465,0.31310580204778155,0.41392980559394893,0.930609322547227,-0.007303754266211606,0.7999999999999998,0.7638225255972696,0.995221843003413
108_2DT,T_MS,shared,1465,0.317759896978799,0.41187814724247357,0.9312954927138483,-0.021500243195007627,0.787529270735407,0.7399317406143344,0.9931740614334471
108_2DT,T_MS,separate,1465,0.315619053730196,0.41044674113359275,0.9317722024584121,-0.025561972773891505,0.7883361504473437,0.7337883959044369,0.9924914675767919
108_2DT,T_FC,persistence,1465,1.0602047781569965,1.5646173026508003,0.7640256832877128,-0.007781569965870303,2.6000000000000014,0.45051194539249145,0.5638225255972696
108_2DT,T_FC,shared,1465,0.9765776158286745,1.3730802975081067,0.8182642570417622,0.2808939412928702,2.9211073944039523,0.4395904436860068,0.6238907849829352
108_2DT,T_FC,separate,1465,0.978994157565086,1.3789622054680954,0.8167039077032046,0.2852279694140985,2.922405194264661,0.4395904436860068,0.6232081911262799
109_2DT,T_MS,persistence,1465,0.5322184300341297,0.683860752646501,0.8064147815285475,0.0008873720136518755,1.3000000000000003,0.6177474402730375,0.9017064846416383
109_2DT,T_MS,shared,1465,0.6588560028967929,0.837392055708019,0.7097351109370196,-0.10261679440059807,1.5998679877743829,0.4477815699658703,0.7972696245733788
109_2DT,T_MS,separate,1465,0.6544403528078133,0.8289473820604045,0.7155599398884587,-0.03651854987833832,1.6037908637569964,0.4552901023890785,0.7808873720136519
109_2DT,T_FC,persistence,1465,1.1569965870307166,1.8168607363123856,0.8092850372272326,-1.2125302658022188e-18,4.199999999999999,0.39590443686006827,0.663481228668942
109_2DT,T_FC,shared,1465,1.148132261295961,1.6231415035853503,0.8477861209278225,0.23631483301189776,3.039578181733779,0.3290102389078498,0.5645051194539249
109_2DT,T_FC,separate,1465,1.15337986776262,1.6319899356892749,0.8461220327289036,0.236111782814697,2.9452537486404347,0.32627986348122867,0.5597269624573379
110_1D,T_MS,persistence,1465,0.5081911262798635,0.7013930555901121,0.890922405931374,0.00020477815699658752,1.2799999999999954,0.6252559726962458,0.9160409556313993
110_1D,T_MS,shared,1465,0.43565225101931765,0.6343876432676153,0.9107677062142713,-0.08372590873301364,1.1064932533854193,0.6737201365187714,0.9358361774744027
110_1D,T_MS,separate,1465,0.4372550385565887,0.6380218314058033,0.9097424157278291,-0.07222529116668779,1.0965037968096885,0.6696245733788396,0.9385665529010239
110_1D,T_FC,persistence,1465,1.1152901023890787,1.482385771920322,0.8441628158862606,0.0047098976109214985,3.0999999999999996,0.3508532423208191,0.5679180887372014
110_1D,T_FC,shared,1465,0.8255201339578675,1.2201414765271372,0.8944230778077835,0.187892003653422,2.416127766146413,0.4621160409556314,0.6982935153583618
110_1D,T_FC,separate,1465,0.8281366416209146,1.2387238016026874,0.8911827913641228,0.19658300696494904,2.43975056430799,0.4696245733788396,0.6989761092150171
111_2DT,T_MS,persistence,1465,0.2279863481228669,0.38289359949263085,0.9693751895201083,0.0034129692832764475,0.7000000000000001,0.931740614334471,0.9795221843003413
111_2DT,T_MS,shared,1465,0.2527523955355784,0.40171787248358015,0.9662899416401598,-0.0220844469413791,0.7050601903765001,0.9112627986348123,0.9781569965870307
111_2DT,T_MS,separate,1465,0.2527588850057047,0.40417769687322,0.9658758465627237,-0.014085664817858275,0.6853729354801236,0.8948805460750853,0.9767918088737202
111_2DT,T_FC,persistence,1465,2.767372013651878,3.1442020968663207,-2.5299089732261724,0.006143344709897609,4.899999999999999,0.09351535836177474,0.18225255972696247
111_2DT,T_FC,shared,1465,2.734066422993212,3.2832678523379184,-2.849064856478221,0.6261771108503275,6.010765103296483,0.1174061433447099,0.2143344709897611
111_2DT,T_FC,separate,1465,2.6909472833898174,3.2387842752640674,-2.745472772742279,0.6283412622958602,5.875343500279354,0.13174061433447098,0.22252559726962456
112_2DT,T_MS,persistence,1465,0.33754266211604095,0.4219651733360614,0.7231728080762019,0.001979522184300341,0.8999999999999995,0.8027303754266212,0.9897610921501706
112_2DT,T_MS,shared,1465,0.2881256722896139,0.3690621994664965,0.7882347660989093,-0.006408527666717731,0.7657853321938194,0.8354948805460751,0.990443686006826
112_2DT,T_MS,separate,1465,0.2893990479402662,0.37148869470589696,0.7854410010153198,-0.0073766667459349376,0.7663616085290892,0.8300341296928327,0.9883959044368601
112_2DT,T_FC,persistence,1465,1.7501023890784981,2.7620008081396032,0.5732049449171852,0.006894197952218431,5.700000000000001,0.4040955631399317,0.50580204778157
112_2DT,T_FC,shared,1465,1.1783021254723742,1.9374640838198183,0.789990424446141,0.2666487290173267,4.497394352343626,0.41023890784982936,0.6122866894197952
112_2DT,T_FC,separate,1465,1.167541495756775,1.9352113066679721,0.7904785157891108,0.27467626550224733,4.756869786508215,0.3802047781569966,0.653924914675768
113_2DT,T_MS,persistence,1465,0.34771331058020477,0.5021863461702871,0.5247857325928431,-6.062651329011094e-19,1.0,0.8156996587030717,0.9569965870307168
113_2DT,T_MS,shared,1465,0.3348078678158878,0.5052460171119967,0.5189774158706092,-0.05370652156689036,1.0024832562841983,0.8129692832764505,0.9488054607508533
113_2DT,T_MS,separate,1465,0.3347166168284967,0.5058562771927786,0.517814710367845,-0.02440974195999977,1.0255987796999906,0.7945392491467577,0.9453924914675768
113_2DT,T_FC,persistence,1465,0.7093515358361775,0.8767220986294665,0.7762459217027862,0.0008191126279863464,1.4799999999999955,0.40546075085324235,0.7863481228668942
113_2DT,T_FC,shared,1465,0.5119562366349848,0.6965691496389156,0.8587542057939463,-0.007544124763321307,1.233023340621145,0.5720136518771332,0.9023890784982935
113_2DT,T_FC,separate,1465,0.5126469096671304,0.6919930021050841,0.860603953058737,-0.020131623369453167,1.2151161183984198,0.5761092150170648,0.9010238907849829
114_2DT,T_MS,persistence,1465,1.1349488054607508,1.2682012738480282,-0.9263232167249558,0.003071672354948809,2.0,0.19385665529010238,0.4068259385665529
114_2DT,T_MS,shared,1465,1.0873784354137555,1.2527377813195941,-0.8796333403341765,-0.1881443681245874,2.0956062267624125,0.2075085324232082,0.46075085324232085
114_2DT,T_MS,separate,1465,1.0413292185361636,1.2069959566290955,-0.7448753977206473,-0.16368231980250722,2.0799018475526485,0.2054607508532423,0.520136518771331
114_2DT,T_FC,persistence,1465,1.1751535836177474,1.3112326483200751,-0.5533020277322109,-0.0013651877133105815,2.0999999999999996,0.18293515358361775,0.3747440273037543
114_2DT,T_FC,shared,1465,1.1469488923267162,1.3300795778440142,-0.598275534131415,0.16875548713028157,2.2394551153577904,0.20477815699658702,0.46279863481228667
114_2DT,T_FC,separate,1465,1.1500787235837673,1.33410760715169,-0.6079706668277391,0.14650646426485506,2.278765137713094,0.20887372013651878,0.4552901023890785
115_2DT,T_MS,persistence,1465,1.1021160409556314,1.2374144573461014,-1.542938229411488,-0.0006825938566552965,2.1999999999999997,0.1720136518771331,0.4184300341296928
115_2DT,T_MS,shared,1465,1.183929306730417,1.3497859701465216,-2.025765444005758,-0.3944530324148937,2.5003078185485608,0.10716723549488055,0.4907849829351536
115_2DT,T_MS,separate,1465,1.0809187921117347,1.2372275571320117,-1.5421701119814162,-0.07678145319540707,2.3213530786228977,0.1522184300341297,0.510580204778157
115_2DT,T_FC,persistence,1465,3.039317406143345,3.4193067576735015,-1.6314260995161871,-0.002184300341296928,6.3,0.05802047781569966,0.11877133105802047
115_2DT,T_FC,shared,1465,2.45004734435296,2.9234453350010217,-0.9235567497757806,-0.2786975685622972,5.855452508666402,0.07098976109215017,0.1378839590443686
115_2DT,T_FC,separate,1465,2.4159096776226923,2.8342591888783955,-0.8079823037894955,-0.36968508123596006,5.670818552243369,0.06348122866894199,0.1372013651877133
116_1D,T_MS,persistence,1465,0.15474402730375428,0.2601259868030084,0.9563380849536021,-6.825938566552816e-05,0.40000000000000036,0.9733788395904437,0.9918088737201365
116_1D,T_MS,shared,1465,0.15575997181714835,0.26443283902133335,0.9548803134133452,-0.03202170952604586,0.38700402869938755,0.9692832764505119,0.9870307167235495
116_1D,T_MS,separate,1465,0.14886126368937128,0.24616697607383606,0.9608983683331609,-0.025325802034564204,0.3515330307137232,0.9754266211604096,0.9918088737201365
116_1D,T_FC,persistence,1465,0.37481228668941974,0.47995306937810156,0.3109654670452392,0.00034129692832764565,0.8000000000000007,0.8061433447098976,0.9747440273037543
116_1D,T_FC,shared,1465,0.33977586025756923,0.4534820004482429,0.38487475769221,-0.24740033983257081,0.8912813016292844,0.7672354948805461,0.9679180887372013
116_1D,T_FC,separate,1465,0.4081677967560507,0.4967479420859483,0.2618993381239155,-0.34386333238268985,0.8615525781748951,0.6641638225255972,0.9699658703071672
117_2DT,T_MS,persistence,1465,0.7109897610921501,0.8022153626393648,-1.7123785180403743,0.0024573378839590414,1.3,0.3392491467576792,0.7938566552901024
117_2DT,T_MS,shared,1465,0.7802151805427522,0.8673903439038265,-2.1710092814524664,-0.11249832877816304,1.3999501284656024,0.27030716723549486,0.6907849829351536
117_2DT,T_MS,separate,1465,0.706909125715458,0.7971079323072116,-1.6779508932372145,0.1306910698937219,1.327560850566325,0.29419795221843004,0.7522184300341297
117_2DT,T_FC,persistence,1465,1.6677133105802047,1.9139616366995653,-1.5516952694032722,0.006552901023890793,2.8000000000000007,0.15017064846416384,0.28464163822525596
117_2DT,T_FC,shared,1465,1.8364047889841368,2.311511291083233,-2.7218116392945633,0.6835171336938968,4.609378764014721,0.18976109215017065,0.3583617747440273
117_2DT,T_FC,separate,1465,1.8291047631026833,2.304727676379836,-2.6999988197291507,0.7503531492826037,4.506719646427149,0.2006825938566553,0.36177474402730375
118_2DT,T_MS,persistence,1465,0.35924914675767916,0.6662564152948186,0.9446843358926215,-0.013993174061433444,0.9000000000000004,0.8621160409556314,0.9604095563139932
118_2DT,T_MS,shared,1465,0.35839151140040887,0.68174110516959,0.9420832366160318,-0.07165716925734493,1.0303317934788891,0.8354948805460751,0.9440273037542662
118_2DT,T_MS,separate,1465,0.35436651287331306,0.6758133188682939,0.943086038431026,-0.05551441787269205,1.0879123504562505,0.8402730375426621,0.9419795221843004
118_2DT,T_FC,persistence,1465,0.735085324232082,1.1292420968554884,0.923285244500034,-0.011262798634812296,2.0999999999999996,0.5583617747440273,0.7535836177474403
118_2DT,T_FC,shared,1465,0.7031684424696327,1.0425565286943876,0.9346111032132588,0.019600701894101954,2.032870098846165,0.4928327645051195,0.78839590443686
118_2DT,T_FC,separate,1465,0.6898820193288192,1.0381371764833573,0.9351642896890968,0.00776635575741893,2.076603131789775,0.5228668941979522,0.7870307167235495
119_2DT,T_MS,persistence,1465,0.5228668941979522,0.6145671914156376,0.5207026953587227,0.0006825938566552883,1.1,0.6648464163822526,0.9242320819112628
119_2DT,T_MS,shared,1465,0.43177144625903,0.5190289152047403,0.6581391646961847,-0.041234544234446044,1.0075497929145472,0.7051194539249147,0.9494880546075085
119_2DT,T_MS,separate,1465,0.4240824447432104,0.5076481366360379,0.6729668060019058,-0.026155526877672818,0.9427151174522505,0.7037542662116041,0.9638225255972697
119_2DT,T_FC,persistence,1465,3.5978156996587027,4.407802576056243,-0.09484017298436065,0.014880546075085323,9.0,0.03890784982935153,0.12013651877133105
119_2DT,T_FC,shared,1465,2.872112868515967,3.692381066448318,0.23172007280481932,-0.5011729740983255,7.875264162640594,0.04368600682593857,0.1931740614334471
119_2DT,T_FC,separate,1465,2.8681586993344315,3.592832265190378,0.27258820262101535,-0.8110079412656189,7.258185094558011,0.06279863481228669,0.1720136518771331
120_1D,T_MS,persistence,1465,0.962184300341297,1.1007350941258631,-0.15731477851589037,0.002184300341296932,2.0,0.24300341296928327,0.557679180887372
120_1D,T_MS,shared,1465,0.9350873548708596,1.0820144356321413,-0.1182836689915483,-0.12233993022154467,1.9360618551588193,0.23890784982935154,0.5726962457337884
120_1D,T_MS,separate,1465,0.8624694094043391,1.0135142636189596,0.018826967830696262,-0.053108445036525995,1.9067467351921135,0.2668941979522184,0.6443686006825938
120_1D,T_FC,persistence,1465,2.7170648464163825,3.0892514308049415,-0.31820635596410907,0.009624573378839592,5.000000000000002,0.08395904436860069,0.17133105802047782
120_1D,T_FC,shared,1465,2.4161518735503074,2.9590573681156482,-0.20943813534315892,0.665923584596273,5.561876996945897,0.12218430034129693,0.2641638225255973
120_1D,T_FC,separate,1465,2.3959840227599973,2.9540961975953772,-0.20538603491361784,0.6660216692586305,5.564296472670802,0.14129692832764504,0.25597269624573377
121_2DT,T_MS,persistence,1465,0.4842320819112629,0.5429913355143764,-1.3293837613420836,-0.0004095563139931737,0.8,0.5262798634812287,0.9986348122866894
121_2DT,T_MS,shared,1465,0.44818964735678,0.5080394577922305,-1.0391544997292428,-0.006351112839103015,0.8267050637702535,0.5494880546075085,0.9938566552901024
121_2DT,T_MS,separate,1465,0.4573755943181475,0.5136848526509181,-1.0847249473630476,-0.045605191561872406,0.8329892725615251,0.5631399317406144,0.9965870307167235
121_2DT,T_FC,persistence,1465,2.010784982935154,2.3022351507654024,-0.9406758674934261,-0.002457337883959046,3.599999999999999,0.10784982935153584,0.21774744027303755
121_2DT,T_FC,shared,1465,1.8039355167024902,2.093306073529489,-0.6044238582674291,0.12365969510600994,3.692346980235923,0.10716723549488055,0.22389078498293516
121_2DT,T_FC,separate,1465,1.7902130781873862,2.090044593624825,-0.5994282011545842,0.1104685938128139,3.665950638399545,0.10853242320819112,0.22866894197952217
122_2DT,T_MS,persistence,1465,0.05440273037542662,0.12897601438519263,0.9469522520120807,0.001843003412969284,0.19999999999999996,0.9897610921501706,0.9979522184300341
122_2DT,T_MS,shared,1465,0.23637648806625036,0.2739463100366573,0.7606794692897607,0.1990891425949301,0.43787749725909386,0.9774744027303754,0.9979522184300341
122_2DT,T_MS,separate,1465,0.1268886873443263,0.1879721090897856,0.8873228442223083,0.07207966479345113,0.4419173349448122,0.9747440273037543,0.9986348122866894
122_2DT,T_FC,persistence,1465,0.6177474402730375,0.7685720992023812,0.6696628816490391,0.0006825938566552889,1.4000000000000004,0.5897610921501707,0.856655290102389
122_2DT,T_FC,shared,1465,1.7101358121964974,2.455958554602846,-2.373107746472963,-0.8631278948792909,5.856811071265648,0.27303754266211605,0.4907849829351536
122_2DT,T_FC,separate,1465,1.8135996236652199,2.6355968513710986,-2.8845982201112235,-0.9130894875069359,6.360407266794839,0.27030716723549486,0.4621160409556314
123_2DT,T_MS,persistence,1465,0.2681911262798635,0.34472128525102635,0.7051691800357054,0.00034129692832764505,0.6000000000000003,0.9344709897610921,0.9897610921501706
123_2DT,T_MS,shared,1465,0.2512490637432612,0.3273528724721557,0.7341302103465231,-0.044649841278639815,0.5672705430711318,0.9228668941979522,0.9890784982935154
123_2DT,T_MS,separate,1465,0.24545063528581518,0.32355119090194356,0.7402696593997431,-0.022583862135917565,0.5853535865725947,0.9160409556313993,0.990443686006826
123_2DT,T_FC,persistence,1465,1.3318088737201366,1.4846679453163354,-0.19958278198538504,-0.0049829351535836145,2.1799999999999953,0.1372013651877133,0.2901023890784983
123_2DT,T_FC,shared,1465,0.9870501004863574,1.19816687605122,0.21872095192891206,0.1305343128584327,2.231425645914992,0.2573378839590444,0.5494880546075085
123_2DT,T_FC,separate,1465,0.9984653478824377,1.2009279434459958,0.21511602903547655,0.11997505306023275,2.1840395542470166,0.2354948805460751,0.5385665529010238
